{"cameraMode":{"drawMode":0,"name":"Shaded","section":"Shading Mode"},"sceneLighting":false,"audioPlay":false,"sceneViewState":{"m_AlwaysRefresh":false,"showFog":true,"showSkybox":false,"showFlares":true,"showImageEffects":true,"showParticleSystems":true,"showVisualEffectGraphs":true,"m_FxEnabled":true},"in2DMode":false,"pivot":{"x":-1.1518551111221314,"y":-0.45159879326820376,"z":-4.549623012542725},"rotation":{"x":-0.03717624396085739,"y":0.1303422600030899,"z":-0.004838533233851194,"w":-0.9907301068305969},"size":2.7479140758514406,"orthographic":true}