{"cameraMode":{"drawMode":0,"name":"Shaded","section":"Shading Mode"},"sceneLighting":true,"audioPlay":false,"sceneViewState":{"m_AlwaysRefresh":false,"showFog":true,"showSkybox":true,"showFlares":true,"showImageEffects":true,"showParticleSystems":true,"showVisualEffectGraphs":true,"m_FxEnabled":true},"in2DMode":false,"pivot":{"x":0.37769871950149538,"y":3.1449382305145265,"z":-8.434571266174317},"rotation":{"x":-0.0916789174079895,"y":0.006569202523678541,"z":-0.0006040247972123325,"w":-0.9957728981971741},"size":-1.490891695022583,"orthographic":false}