{"cameraMode":{"drawMode":0,"name":"Shaded","section":"Shading Mode"},"sceneLighting":true,"audioPlay":false,"sceneViewState":{"m_AlwaysRefresh":false,"showFog":true,"showSkybox":true,"showFlares":true,"showImageEffects":true,"showParticleSystems":true,"showVisualEffectGraphs":true,"m_FxEnabled":true},"in2DMode":false,"pivot":{"x":-3.2849299907684328,"y":-0.629521369934082,"z":-0.36476612091064455},"rotation":{"x":0.394332617521286,"y":0.35353294014930727,"z":-0.16764889657497407,"w":0.8315399289131165},"size":0.7279630899429321,"orthographic":false}