{"cameraMode":{"drawMode":0,"name":"Shaded","section":"Shading Mode"},"sceneLighting":true,"audioPlay":false,"sceneViewState":{"m_AlwaysRefresh":false,"showFog":true,"showSkybox":true,"showFlares":true,"showImageEffects":true,"showParticleSystems":true,"showVisualEffectGraphs":true,"m_FxEnabled":true},"in2DMode":false,"pivot":{"x":-0.400994211435318,"y":1.2841323614120484,"z":-6.200928688049316},"rotation":{"x":-0.2799302935600281,"y":0.023610690608620645,"z":-0.006887184921652079,"w":-0.9597070813179016},"size":6.835361480712891,"orthographic":false}