{"cameraMode":{"drawMode":0,"name":"Shaded","section":"Shading Mode"},"sceneLighting":false,"audioPlay":false,"sceneViewState":{"m_AlwaysRefresh":false,"showFog":true,"showSkybox":false,"showFlares":true,"showImageEffects":true,"showParticleSystems":true,"showVisualEffectGraphs":true,"m_FxEnabled":true},"in2DMode":false,"pivot":{"x":-2.3759400844573976,"y":-1.1788434982299805,"z":-0.2139272689819336},"rotation":{"x":-0.17915008962154389,"y":0.1329541802406311,"z":-0.024442505091428758,"w":-0.9744926691055298},"size":5.480645179748535,"orthographic":false}