{"cameraMode":{"drawMode":0,"name":"Shaded","section":"Shading Mode"},"sceneLighting":false,"audioPlay":false,"sceneViewState":{"m_AlwaysRefresh":false,"showFog":true,"showSkybox":false,"showFlares":true,"showImageEffects":true,"showParticleSystems":true,"showVisualEffectGraphs":true,"m_FxEnabled":true},"in2DMode":false,"pivot":{"x":-14.645166397094727,"y":-0.33043479919433596,"z":0.5285787582397461},"rotation":{"x":0.12233483046293259,"y":-0.1055312529206276,"z":0.012877268716692925,"w":0.9868913292884827},"size":3.8649117946624758,"orthographic":false}