{"cameraMode":{"drawMode":31,"name":"Sprite Mask","section":"Miscellaneous"},"sceneLighting":false,"audioPlay":false,"sceneViewState":{"m_AlwaysRefresh":false,"showFog":true,"showSkybox":false,"showFlares":true,"showImageEffects":true,"showParticleSystems":true,"showVisualEffectGraphs":true,"m_FxEnabled":true},"in2DMode":false,"pivot":{"x":565.77685546875,"y":188.06173706054688,"z":151.8360595703125},"rotation":{"x":0.017991729080677034,"y":0.028491565957665445,"z":-0.0005129032651893795,"w":0.9994320273399353},"size":491.07879638671877,"orthographic":false}